id,title,sourceName,sourceUrl,availability,httpStatus,finalUrl,error,checkedAt,contentValidation
agrixa-faq-rice-yellow-leaves,Yellowing rice leaves,IRRI: Nitrogen deficiency,https://www.knowledgebank.irri.org/training/fact-sheets/nutrient-management/deficiencies-and-toxicities-fact-sheet/item/nitrogen-deficiency,needs_manual_check,,https://www.knowledgebank.irri.org/training/fact-sheets/nutrient-management/deficiencies-and-toxicities-fact-sheet/item/nitrogen-deficiency,<urlopen error timed out>,2026-10-09T11:55:40.535248+00:00,Pending authorized LGU review
agrixa-faq-rice-variety,Choosing a rice variety,IRRI: Rice varieties,https://www.knowledgebank.irri.org/step-by-step-production/pre-planting/rice-varieties,needs_manual_check,,https://www.knowledgebank.irri.org/step-by-step-production/pre-planting/rice-varieties,<urlopen error timed out>,2026-10-09T11:55:40.535248+00:00,Pending authorized LGU review
agrixa-faq-rice-seed-quality,Recognizing good rice seed,IRRI: Seed quality,https://www.knowledgebank.irri.org/step-by-step-production/pre-planting/seed-quality,needs_manual_check,,https://www.knowledgebank.irri.org/step-by-step-production/pre-planting/seed-quality,<urlopen error timed out>,2026-10-09T11:55:40.535248+00:00,Pending authorized LGU review
agrixa-faq-rice-land-leveling,Leveling the rice field,DA-PhilRice: Basics of land preparation,https://www.philrice.gov.ph/basics-land-preparation/,reachable,200,https://www.philrice.gov.ph/basics-land-preparation/,,2026-10-09T11:55:40.535248+00:00,Pending authorized LGU review
agrixa-faq-rice-healthy-seedlings,Preparing healthy rice seedlings,IRRI: Preparing rice seedlings for transplanting,https://www.knowledgebank.irri.org/step-by-step-production/growth/planting/how-to-prepare-the-seedlings-for-transplanting,needs_manual_check,,https://www.knowledgebank.irri.org/step-by-step-production/growth/planting/how-to-prepare-the-seedlings-for-transplanting,<urlopen error timed out>,2026-10-09T11:55:40.535248+00:00,Pending authorized LGU review
agrixa-faq-rice-uneven-stand,Checking uneven rice growth,DA-PhilRice: PalayCheck System,https://www.philrice.gov.ph/wp-content/uploads/2023/02/PalayCheck-System-2022-Revised-Edition.pdf,reachable,200,https://www.philrice.gov.ph/wp-content/uploads/2023/02/PalayCheck-System-2022-Revised-Edition.pdf,,2026-10-09T11:55:40.535248+00:00,Pending authorized LGU review
agrixa-faq-rice-snails,Protecting young rice from golden apple snails,IRRI: Golden apple snails,https://www.knowledgebank.irri.org/step-by-step-production/growth/pests-and-diseases/golden-apple-snails,needs_manual_check,,https://www.knowledgebank.irri.org/step-by-step-production/growth/pests-and-diseases/golden-apple-snails,<urlopen error timed out>,2026-10-09T11:55:40.535248+00:00,Pending authorized LGU review
agrixa-faq-rice-sheath-blight,Recognizing possible rice sheath blight,IRRI: Sheath blight,https://www.knowledgebank.irri.org/training/fact-sheets/pest-management/diseases/item/sheath-blight,needs_manual_check,,https://www.knowledgebank.irri.org/training/fact-sheets/pest-management/diseases/item/sheath-blight,<urlopen error timed out>,2026-10-09T11:55:40.535248+00:00,Pending authorized LGU review
agrixa-faq-rice-zinc,Stunted rice with brown leaf spots,IRRI: Zinc in rice,https://www.knowledgebank.irri.org/training/fact-sheets/nutrient-management/item/zinc-factsheet,needs_manual_check,,https://www.knowledgebank.irri.org/training/fact-sheets/nutrient-management/item/zinc-factsheet,<urlopen error timed out>,2026-10-09T11:55:40.535248+00:00,Pending authorized LGU review
agrixa-faq-rice-curled-leaves,Checking curled rice leaves,IRRI: Rice thrips,https://www.knowledgebank.irri.org/training/fact-sheets/pest-management/insects/item/rice-thrips,needs_manual_check,,https://www.knowledgebank.irri.org/training/fact-sheets/pest-management/insects/item/rice-thrips,<urlopen error timed out>,2026-10-09T11:55:40.535248+00:00,Pending authorized LGU review
agrixa-faq-rice-crop-records,Keeping useful rice crop records,DA-PhilRice: PalayCheck System,https://www.philrice.gov.ph/wp-content/uploads/2023/02/PalayCheck-System-2022-Revised-Edition.pdf,reachable,200,https://www.philrice.gov.ph/wp-content/uploads/2023/02/PalayCheck-System-2022-Revised-Edition.pdf,,2026-10-09T11:55:40.535248+00:00,Pending authorized LGU review
agrixa-faq-rice-water-stress,Avoiding rice water stress at flowering,DA-PhilRice: PalayCheck System,https://www.philrice.gov.ph/wp-content/uploads/2023/02/PalayCheck-System-2022-Revised-Edition.pdf,reachable,200,https://www.philrice.gov.ph/wp-content/uploads/2023/02/PalayCheck-System-2022-Revised-Edition.pdf,,2026-10-09T11:55:40.535248+00:00,Pending authorized LGU review
agrixa-faq-corn-variety,Selecting corn seed for your farm,"DA-ATI: Corn production, nine basic steps",https://ati2.da.gov.ph/ati-5/content/sites/default/files/users/user17/Corn%20Production%20%289%20Basic%20Steps%20for%20Bountiful%20Harvest%29.pdf,reachable,200,https://ati2.da.gov.ph/ati-5/content/sites/default/files/users/user17/Corn%20Production%20%289%20Basic%20Steps%20for%20Bountiful%20Harvest%29.pdf,,2026-10-09T11:55:40.535248+00:00,Pending authorized LGU review
agrixa-faq-corn-planting-time,Planning corn planting around moisture,"DA-ATI: Corn production, nine basic steps",https://ati2.da.gov.ph/ati-5/content/sites/default/files/users/user17/Corn%20Production%20%289%20Basic%20Steps%20for%20Bountiful%20Harvest%29.pdf,reachable,200,https://ati2.da.gov.ph/ati-5/content/sites/default/files/users/user17/Corn%20Production%20%289%20Basic%20Steps%20for%20Bountiful%20Harvest%29.pdf,,2026-10-09T11:55:40.535248+00:00,Pending authorized LGU review
agrixa-faq-corn-land-preparation,Preparing land for corn,"DA-ATI: Corn production, nine basic steps",https://ati2.da.gov.ph/ati-5/content/sites/default/files/users/user17/Corn%20Production%20%289%20Basic%20Steps%20for%20Bountiful%20Harvest%29.pdf,reachable,200,https://ati2.da.gov.ph/ati-5/content/sites/default/files/users/user17/Corn%20Production%20%289%20Basic%20Steps%20for%20Bountiful%20Harvest%29.pdf,,2026-10-09T11:55:40.535248+00:00,Pending authorized LGU review
agrixa-faq-corn-early-weeds,Controlling weeds in young corn,"DA-ATI: Corn production, nine basic steps",https://ati2.da.gov.ph/ati-5/content/sites/default/files/users/user17/Corn%20Production%20%289%20Basic%20Steps%20for%20Bountiful%20Harvest%29.pdf,reachable,200,https://ati2.da.gov.ph/ati-5/content/sites/default/files/users/user17/Corn%20Production%20%289%20Basic%20Steps%20for%20Bountiful%20Harvest%29.pdf,,2026-10-09T11:55:40.535248+00:00,Pending authorized LGU review
agrixa-faq-corn-armyworm,Responding to suspected fall armyworm,Department of Agriculture: Fall armyworm management guidelines,https://www.da.gov.ph/wp-content/uploads/2021/04/mo26_s2021.pdf,reachable,200,https://www.da.gov.ph/wp-content/uploads/2021/04/mo26_s2021.pdf,,2026-10-09T11:55:40.535248+00:00,Pending authorized LGU review
agrixa-faq-corn-earworm,Reducing corn earworm problems,DA-CAR: Corn earworm management,https://car.da.gov.ph/wp-content/uploads/2024/02/Corn-Pest_earworm_Ver02_Final-1.pdf,reachable,200,https://car.da.gov.ph/wp-content/uploads/2024/02/Corn-Pest_earworm_Ver02_Final-1.pdf,,2026-10-09T11:55:40.535248+00:00,Pending authorized LGU review
agrixa-faq-corn-beneficial-insects,Protecting beneficial insects in corn,DA-SAAD: Corn and vegetable integrated pest management,https://saad.da.gov.ph/saad-wesvis-trains-106-vegetable-corn-growers-on-integrated-pest-management/,reachable,200,https://saad.da.gov.ph/saad-wesvis-trains-106-vegetable-corn-growers-on-integrated-pest-management/,,2026-10-09T11:55:40.535248+00:00,Pending authorized LGU review
agrixa-faq-corn-pest-monitoring,Checking corn for pests regularly,DA-SAAD: Corn and vegetable integrated pest management,https://saad.da.gov.ph/saad-wesvis-trains-106-vegetable-corn-growers-on-integrated-pest-management/,reachable,200,https://saad.da.gov.ph/saad-wesvis-trains-106-vegetable-corn-growers-on-integrated-pest-management/,,2026-10-09T11:55:40.535248+00:00,Pending authorized LGU review
agrixa-faq-vegetable-site,Choosing a vegetable plot,FAO: Growing vegetables in intensive beds,https://www.fao.org/4/x3996e/x3996e39.htm,reachable,200,https://www.fao.org/4/x3996e/x3996e39.htm,,2026-10-09T11:55:40.535248+00:00,Pending authorized LGU review
agrixa-faq-vegetable-raised-beds,Using beds to manage vegetable drainage,FAO: Growing vegetables in intensive beds,https://www.fao.org/4/x3996e/x3996e39.htm,reachable,200,https://www.fao.org/4/x3996e/x3996e39.htm,,2026-10-09T11:55:40.535248+00:00,Pending authorized LGU review
agrixa-faq-vegetable-mulch,Mulching vegetable beds,FAO: Soil organic cover,https://www.fao.org/conservation-agriculture/in-practice/soil-organic-cover/en/,reachable,200,https://www.fao.org/conservation-agriculture/in-practice/soil-organic-cover/en/,,2026-10-09T11:55:40.535248+00:00,Pending authorized LGU review
agrixa-faq-vegetable-successive-planting,Planning successive vegetable crops,FAO: Growing vegetables in intensive beds,https://www.fao.org/4/x3996e/x3996e39.htm,reachable,200,https://www.fao.org/4/x3996e/x3996e39.htm,,2026-10-09T11:55:40.535248+00:00,Pending authorized LGU review
agrixa-faq-vegetable-crop-rotation,Rotating vegetable crops,FAO: Putting integrated pest management into practice,https://www.fao.org/agriculture/crops/thematic-sitemap/theme/spi/scpi-home/managing-ecosystems/integrated-pest-management/ipm-how/en/,reachable,200,https://www.fao.org/agriculture/crops/thematic-sitemap/theme/spi/scpi-home/managing-ecosystems/integrated-pest-management/ipm-how/en/,,2026-10-09T11:55:40.535248+00:00,Pending authorized LGU review
agrixa-faq-vegetable-aphids,Checking vegetables for aphids,DA-SAAD: Corn and vegetable integrated pest management,https://saad.da.gov.ph/saad-wesvis-trains-106-vegetable-corn-growers-on-integrated-pest-management/,reachable,200,https://saad.da.gov.ph/saad-wesvis-trains-106-vegetable-corn-growers-on-integrated-pest-management/,,2026-10-09T11:55:40.535248+00:00,Pending authorized LGU review
agrixa-faq-vegetable-fruit-borers,Responding to vegetable fruit borers,DA-SAAD: Safe and sustainable crop pest management,https://saad.da.gov.ph/saad-cagval-promotes-safe-sustainable-farming-among-pfa-members/,reachable,200,https://saad.da.gov.ph/saad-cagval-promotes-safe-sustainable-farming-among-pfa-members/,,2026-10-09T11:55:40.535248+00:00,Pending authorized LGU review
agrixa-faq-vegetable-clean-field,Keeping a vegetable plot clean,DA-SAAD: Safe and sustainable crop pest management,https://saad.da.gov.ph/saad-cagval-promotes-safe-sustainable-farming-among-pfa-members/,reachable,200,https://saad.da.gov.ph/saad-cagval-promotes-safe-sustainable-farming-among-pfa-members/,,2026-10-09T11:55:40.535248+00:00,Pending authorized LGU review
agrixa-faq-vegetable-onion-wet-season,Protecting onions from waterlogging,DA-AMIA: Climate resilient crop management,https://amia.da.gov.ph/wp-content/uploads/2024/12/CRVA-Report_Batanes_Garlic_Onion_Sweet-Potato.pdf,reachable,200,https://amia.da.gov.ph/wp-content/uploads/2024/12/CRVA-Report_Batanes_Garlic_Onion_Sweet-Potato.pdf,,2026-10-09T11:55:40.535248+00:00,Pending authorized LGU review
agrixa-faq-vegetable-nutrient-plan,Feeding vegetables according to need,FAO: Plant nutrition in home gardens,https://www.fao.org/4/x3996e/x3996e29.htm,reachable,200,https://www.fao.org/4/x3996e/x3996e29.htm,,2026-10-09T11:55:40.535248+00:00,Pending authorized LGU review
agrixa-faq-soil-test-benefit,Testing soil before buying fertilizer,DA-BSWM: Fertilizer recommendations from soil tests,https://www.bswm.da.gov.ph/download/bswm-fertilizer-recommendation/,reachable,200,https://www.bswm.da.gov.ph/download/bswm-fertilizer-recommendation/,,2026-10-09T11:55:40.535248+00:00,Pending authorized LGU review
agrixa-faq-soil-sample-help,Getting a useful soil sample,DA-BSWM: Rapid soil testing,https://www.bswm.da.gov.ph/wp-content/uploads/RST-Brochure.pdf,reachable,200,https://www.bswm.da.gov.ph/wp-content/uploads/RST-Brochure.pdf,,2026-10-09T11:55:40.535248+00:00,Pending authorized LGU review
agrixa-faq-soil-ph,Understanding soil pH,DA-BSWM: Rapid soil testing,https://www.bswm.da.gov.ph/wp-content/uploads/RST-Brochure.pdf,reachable,200,https://www.bswm.da.gov.ph/wp-content/uploads/RST-Brochure.pdf,,2026-10-09T11:55:40.535248+00:00,Pending authorized LGU review
agrixa-faq-soil-balanced-fertilization,Using balanced fertilization,DA-BSWM: National Soil Health Program,https://nshp.bswm.da.gov.ph/,reachable,200,https://nshp.bswm.da.gov.ph/,,2026-10-09T11:55:40.535248+00:00,Pending authorized LGU review
agrixa-faq-soil-organic-matter,Building soil organic matter,FAO: Managing soil organic matter,https://www.fao.org/4/a0100e/a0100e07.htm,reachable,200,https://www.fao.org/4/a0100e/a0100e07.htm,,2026-10-09T11:55:40.535248+00:00,Pending authorized LGU review
agrixa-faq-soil-erosion-cover,Keeping topsoil from washing away,FAO: Managing soil organic matter,https://www.fao.org/4/a0100e/a0100e07.htm,reachable,200,https://www.fao.org/4/a0100e/a0100e07.htm,,2026-10-09T11:55:40.535248+00:00,Pending authorized LGU review
agrixa-faq-fertilizer-field-rate,Choosing the correct fertilizer amount,DA-BSWM: Fertilizer recommendations from soil tests,https://www.bswm.da.gov.ph/download/bswm-fertilizer-recommendation/,reachable,200,https://www.bswm.da.gov.ph/download/bswm-fertilizer-recommendation/,,2026-10-09T11:55:40.535248+00:00,Pending authorized LGU review
agrixa-faq-rice-fertilizer-tool,Getting a field-specific rice fertilizer plan,DA-PhilRice: Rice crop management tools,https://www.philrice.gov.ph/rice-apps/,reachable,200,https://www.philrice.gov.ph/rice-apps/,,2026-10-09T11:55:40.535248+00:00,Pending authorized LGU review
agrixa-faq-water-awd,Understanding alternate wetting and drying,IRRI: Alternate wetting and drying,https://www.knowledgebank.irri.org/training/fact-sheets/water-management/saving-water-alternate-wetting-drying-awd,needs_manual_check,,https://www.knowledgebank.irri.org/training/fact-sheets/water-management/saving-water-alternate-wetting-drying-awd,<urlopen error timed out>,2026-10-09T11:55:40.535248+00:00,Pending authorized LGU review
agrixa-faq-water-awd-monitoring,Monitoring water before irrigating rice,IRRI: Alternate wetting and drying,https://www.knowledgebank.irri.org/training/fact-sheets/water-management/saving-water-alternate-wetting-drying-awd,needs_manual_check,,https://www.knowledgebank.irri.org/training/fact-sheets/water-management/saving-water-alternate-wetting-drying-awd,<urlopen error timed out>,2026-10-09T11:55:40.535248+00:00,Pending authorized LGU review
agrixa-faq-weather-forecast,Using official weather information for farm work,DOST-PAGASA: Agroclimatic review and outlook,https://pagasa.dost.gov.ph/agri-weather/monthly-agroclimatic-review-and-outlook,reachable,200,https://pagasa.dost.gov.ph/agri-weather/monthly-agroclimatic-review-and-outlook,,2026-10-09T11:55:40.535248+00:00,Pending authorized LGU review
agrixa-faq-weather-dry-season-plan,Planning crops when water may be limited,DOST-PAGASA: Agroclimatic review and outlook,https://pagasa.dost.gov.ph/agri-weather/monthly-agroclimatic-review-and-outlook,reachable,200,https://pagasa.dost.gov.ph/agri-weather/monthly-agroclimatic-review-and-outlook,,2026-10-09T11:55:40.535248+00:00,Pending authorized LGU review
agrixa-faq-weather-storm-harvest,Preparing a harvest before a typhoon,Department of Agriculture: Farm early warning and early harvest,https://www.da.gov.ph/early-warning-mechanism-saves-p12b-agri-crops/,reachable,200,https://www.da.gov.ph/early-warning-mechanism-saves-p12b-agri-crops/,,2026-10-09T11:55:40.535248+00:00,Pending authorized LGU review
agrixa-faq-weather-drainage-check,Preparing vegetable drainage before heavy rain,DA-AMIA: Climate resilient crop management,https://amia.da.gov.ph/wp-content/uploads/2024/12/CRVA-Report_Batanes_Garlic_Onion_Sweet-Potato.pdf,reachable,200,https://amia.da.gov.ph/wp-content/uploads/2024/12/CRVA-Report_Batanes_Garlic_Onion_Sweet-Potato.pdf,,2026-10-09T11:55:40.535248+00:00,Pending authorized LGU review
agrixa-faq-water-mulch-conservation,Conserving moisture between irrigations,FAO: Soil organic cover,https://www.fao.org/conservation-agriculture/in-practice/soil-organic-cover/en/,reachable,200,https://www.fao.org/conservation-agriculture/in-practice/soil-organic-cover/en/,,2026-10-09T11:55:40.535248+00:00,Pending authorized LGU review
agrixa-faq-pest-ipm-basics,Understanding integrated pest management,FAO: Putting integrated pest management into practice,https://www.fao.org/agriculture/crops/thematic-sitemap/theme/spi/scpi-home/managing-ecosystems/integrated-pest-management/ipm-how/en/,reachable,200,https://www.fao.org/agriculture/crops/thematic-sitemap/theme/spi/scpi-home/managing-ecosystems/integrated-pest-management/ipm-how/en/,,2026-10-09T11:55:40.535248+00:00,Pending authorized LGU review
agrixa-faq-pest-identification,Identifying the cause before treating crop damage,FAO: Putting integrated pest management into practice,https://www.fao.org/agriculture/crops/thematic-sitemap/theme/spi/scpi-home/managing-ecosystems/integrated-pest-management/ipm-how/en/,reachable,200,https://www.fao.org/agriculture/crops/thematic-sitemap/theme/spi/scpi-home/managing-ecosystems/integrated-pest-management/ipm-how/en/,,2026-10-09T11:55:40.535248+00:00,Pending authorized LGU review
agrixa-faq-pest-beneficials,Recognizing natural pest control,FAO: Putting integrated pest management into practice,https://www.fao.org/agriculture/crops/thematic-sitemap/theme/spi/scpi-home/managing-ecosystems/integrated-pest-management/ipm-how/en/,reachable,200,https://www.fao.org/agriculture/crops/thematic-sitemap/theme/spi/scpi-home/managing-ecosystems/integrated-pest-management/ipm-how/en/,,2026-10-09T11:55:40.535248+00:00,Pending authorized LGU review
agrixa-faq-pest-synchronized-planting,Coordinating planting with nearby farms,DA-SAAD: Safe and sustainable crop pest management,https://saad.da.gov.ph/saad-cagval-promotes-safe-sustainable-farming-among-pfa-members/,reachable,200,https://saad.da.gov.ph/saad-cagval-promotes-safe-sustainable-farming-among-pfa-members/,,2026-10-09T11:55:40.535248+00:00,Pending authorized LGU review
agrixa-faq-pest-biological-control,Getting help with biological pest controls,DA-SAAD: Corn and vegetable integrated pest management,https://saad.da.gov.ph/saad-wesvis-trains-106-vegetable-corn-growers-on-integrated-pest-management/,reachable,200,https://saad.da.gov.ph/saad-wesvis-trains-106-vegetable-corn-growers-on-integrated-pest-management/,,2026-10-09T11:55:40.535248+00:00,Pending authorized LGU review
agrixa-faq-pest-rice-weed-methods,Combining methods to manage rice weeds,IRRI: Integrated weed control and herbicides,https://www.knowledgebank.irri.org/step-by-step-production/growth/weed-management/herbicides,needs_manual_check,,https://www.knowledgebank.irri.org/step-by-step-production/growth/weed-management/herbicides,<urlopen error timed out>,2026-10-09T11:55:40.535248+00:00,Pending authorized LGU review
agrixa-faq-pest-pesticide-label,Following the crop and pest on the pesticide label,DA-CAR: Corn earworm management,https://car.da.gov.ph/wp-content/uploads/2024/02/Corn-Pest_earworm_Ver02_Final-1.pdf,reachable,200,https://car.da.gov.ph/wp-content/uploads/2024/02/Corn-Pest_earworm_Ver02_Final-1.pdf,,2026-10-09T11:55:40.535248+00:00,Pending authorized LGU review
agrixa-faq-pest-snail-community,Managing snails along irrigation routes,IRRI: Golden apple snails,https://www.knowledgebank.irri.org/step-by-step-production/growth/pests-and-diseases/golden-apple-snails,needs_manual_check,,https://www.knowledgebank.irri.org/step-by-step-production/growth/pests-and-diseases/golden-apple-snails,<urlopen error timed out>,2026-10-09T11:55:40.535248+00:00,Pending authorized LGU review
agrixa-faq-postharvest-palay-drying,Drying palay promptly after harvest,DA-PHilMech: Grain drying,https://rcef.philmech.gov.ph/?action=grainDrying&page=knowledgeBank,needs_manual_check,,https://rcef.philmech.gov.ph/?action=grainDrying&page=knowledgeBank,<urlopen error [SSL: CERTIFICATE_VERIFY_FAILED] certificate verify failed: self-signed certificate in certificate chain (_ssl.c:1010)>,2026-10-09T11:55:40.535248+00:00,Pending authorized LGU review
agrixa-faq-postharvest-moisture,Checking grain moisture before storage,DA-PHilMech: Grain drying,https://rcef.philmech.gov.ph/?action=grainDrying&page=knowledgeBank,needs_manual_check,,https://rcef.philmech.gov.ph/?action=grainDrying&page=knowledgeBank,<urlopen error [SSL: CERTIFICATE_VERIFY_FAILED] certificate verify failed: self-signed certificate in certificate chain (_ssl.c:1010)>,2026-10-09T11:55:40.535248+00:00,Pending authorized LGU review
agrixa-faq-postharvest-store-preparation,Preparing a clean grain store,FAO: Grain storage,https://www.fao.org/4/s1250e/S1250E0w.htm,reachable,200,https://www.fao.org/4/s1250e/S1250E0w.htm,,2026-10-09T11:55:40.535248+00:00,Pending authorized LGU review
agrixa-faq-postharvest-produce-shade,Keeping harvested vegetables out of the sun,FAO: Harvesting and preparing fresh produce for market,https://www.fao.org/4/x5403e/x5403e03.htm,reachable,200,https://www.fao.org/4/x5403e/x5403e03.htm,,2026-10-09T11:55:40.535248+00:00,Pending authorized LGU review
agrixa-faq-postharvest-bruising,Preventing bruises during packing and transport,FAO: Harvesting and handling fruits and vegetables,https://www.fao.org/4/y4893e/y4893e04.htm,reachable,200,https://www.fao.org/4/y4893e/y4893e04.htm,,2026-10-09T11:55:40.535248+00:00,Pending authorized LGU review
agrixa-faq-postharvest-harvest-containers,Choosing containers for fresh produce,FAO: Harvesting and preparing fresh produce for market,https://www.fao.org/4/x5403e/x5403e03.htm,reachable,200,https://www.fao.org/4/x5403e/x5403e03.htm,,2026-10-09T11:55:40.535248+00:00,Pending authorized LGU review
agrixa-faq-livestock-sick-animal,Separating a sick farm animal,"FAO: Healthy animals, happy farmers",https://www.fao.org/newsroom/story/Healthy-animals-happy-farmers%21/en,reachable,200,https://www.fao.org/newsroom/story/Healthy-animals-happy-farmers%21/en,,2026-10-09T11:55:40.535248+00:00,Pending authorized LGU review
agrixa-faq-livestock-clean-water,Keeping animal drinking water clean,"FAO: Healthy animals, happy farmers",https://www.fao.org/newsroom/story/Healthy-animals-happy-farmers%21/en,reachable,200,https://www.fao.org/newsroom/story/Healthy-animals-happy-farmers%21/en,,2026-10-09T11:55:40.535248+00:00,Pending authorized LGU review
agrixa-faq-livestock-feed-storage,Storing animal feed properly,"FAO: Healthy animals, happy farmers",https://www.fao.org/newsroom/story/Healthy-animals-happy-farmers%21/en,reachable,200,https://www.fao.org/newsroom/story/Healthy-animals-happy-farmers%21/en,,2026-10-09T11:55:40.535248+00:00,Pending authorized LGU review
agrixa-faq-livestock-vaccination,Planning farm animal vaccination,"FAO: Healthy animals, happy farmers",https://www.fao.org/newsroom/story/Healthy-animals-happy-farmers%21/en,reachable,200,https://www.fao.org/newsroom/story/Healthy-animals-happy-farmers%21/en,,2026-10-09T11:55:40.535248+00:00,Pending authorized LGU review
agrixa-faq-livestock-biosecurity,Reducing disease entry onto the farm,FAO: Biosecurity in animal value chains,https://www.fao.org/animal-health/areas-of-work/biosecurity/en,reachable,200,https://www.fao.org/animal-health/areas-of-work/biosecurity/en,,2026-10-09T11:55:40.535248+00:00,Pending authorized LGU review
agrixa-faq-livestock-unusual-poultry-deaths,Reporting unusual poultry illness or deaths,DA-ATI: A farmer's guide to bird flu,https://ati2.da.gov.ph/ati-2/content/sites/default/files/2023-07/Bird%20Flu%20Leaflet_0.pdf,reachable,200,https://ati2.da.gov.ph/ati-2/content/sites/default/files/2023-07/Bird%20Flu%20Leaflet_0.pdf,,2026-10-09T11:55:40.535248+00:00,Pending authorized LGU review
agrixa-faq-livestock-treatment-records,Recording animal treatments and withdrawal periods,FAO: Animal health and dairy farming good practices,https://www.fao.org/4/Y5224E/y5224e05.htm,reachable,200,https://www.fao.org/4/Y5224E/y5224e05.htm,,2026-10-09T11:55:40.535248+00:00,Pending authorized LGU review
